{
    "loss": 0.6663771271705627,
    "accuracy": 0.9482758641242981
}