{
    "loss": 0.7625368237495422,
    "accuracy": 0.9396551847457886
}